,Image_ID,Rating
0,BF29NES.JPG,4
1,BF26NES.JPG,3
2,AM05SAS.JPG,1
3,AF01HAS.JPG,6
4,AM30NES.JPG,3
5,AF24HAS.JPG,7
6,BF13SAS.JPG,1
7,BM27NES.JPG,3
8,BF03SAS.JPG,2
9,AM01HAS.JPG,7
10,BM08SAS.JPG,3
11,BF30NES.JPG,4
12,BF04HAS.JPG,7
13,BM04HAS.JPG,6
14,AM06SAS.JPG,2
15,BF16HAS.JPG,4
16,AM09NES.JPG,3
17,BM21SAS.JPG,2
18,BM05NES.JPG,4
19,BF22HAS.JPG,6
20,AM12HAS.JPG,7
21,AF06HAS.JPG,6
22,AM16HAS.JPG,6
23,AM25NES.JPG,4
24,BF24SAS.JPG,2
25,BM08HAS.JPG,6
26,BF05NES.JPG,4
27,BF21HAS.JPG,6
28,AF01NES.JPG,4
29,AM19SAS.JPG,1
30,BF17NES.JPG,4
31,AM10SAS.JPG,3
32,AF12NES.JPG,3
33,AM31NES.JPG,4
34,AM07SAS.JPG,2
35,BF06HAS.JPG,7
36,AM01NES.JPG,4
37,AF24SAS.JPG,1
38,AM02NES.JPG,4
39,BM23NES.JPG,4
40,AF34HAS.JPG,6
41,BM28SAS.JPG,1
42,AF29NES.JPG,4
43,AF12HAS.JPG,5
44,BF21SAS.JPG,2
45,BF01HAS.JPG,6
46,AF10NES.JPG,3
47,AM04HAS.JPG,7
48,BF06SAS.JPG,1
49,BM24HAS.JPG,7
50,BM29HAS.JPG,6
51,AF22NES.JPG,4
52,AF22SAS.JPG,2
53,AM15NES.JPG,4
54,BM11HAS.JPG,6
55,BM05HAS.JPG,6
56,BF08NES.JPG,4
57,BF29HAS.JPG,6
58,BF24NES.JPG,4
59,BM25NES.JPG,4
60,AM22NES.JPG,3
61,BF16SAS.JPG,1
62,AF35NES.JPG,4
63,BF20HAS.JPG,5
64,AF05SAS.JPG,2
65,BM07SAS.JPG,5
66,BM16HAS.JPG,6
67,BM35SAS.JPG,3
68,AM29NES.JPG,4
69,BF03HAS.JPG,5
70,AM28SAS.JPG,1
71,AF03NES.JPG,4
72,AM18HAS.JPG,7
73,AM14SAS.JPG,2
74,BM06NES.JPG,4
75,AM15HAS.JPG,6
76,AM10HAS.JPG,7
77,BF08HAS.JPG,7
78,AF01SAS.JPG,1
79,BF31NES.JPG,4
80,AF19NES.JPG,4
81,BM17SAS.JPG,1
82,AM07NES.JPG,4
83,BF31HAS.JPG,7
84,AM03NES.JPG,4
85,BM28HAS.JPG,6
86,BF32SAS.JPG,2
87,BM13HAS.JPG,6
88,AF04SAS.JPG,2
89,BF28NES.JPG,4
90,BM19SAS.JPG,1
91,BM02SAS.JPG,2
92,AF07HAS.JPG,6
93,BM32SAS.JPG,1
94,AM31HAS.JPG,5
95,AM23NES.JPG,4
96,BM33HAS.JPG,6
97,BF10NES.JPG,4
98,AF13SAS.JPG,1
99,BM07HAS.JPG,7
100,BM23SAS.JPG,1
101,AM33SAS.JPG,4
102,BM33NES.JPG,4
103,BF19SAS.JPG,2
104,AF15HAS.JPG,6
105,AF22HAS.JPG,7
106,BF09HAS.JPG,7
107,AF31SAS.JPG,1
108,AF26SAS.JPG,1
109,AF14NES.JPG,4
110,BF14NES.JPG,4
111,BM11SAS.JPG,2
112,AF02NES.JPG,3
113,BM31SAS.JPG,2
114,BF18NES.JPG,4
115,BM12HAS.JPG,6
116,AF33NES.JPG,4
117,BF17SAS.JPG,1
118,BM16SAS.JPG,2
119,AM23HAS.JPG,7
120,BF26HAS.JPG,6
121,BF02NES.JPG,3
122,AM22SAS.JPG,1
123,BM03HAS.JPG,7
124,BM21HAS.JPG,6
125,AM22HAS.JPG,6
126,AM33NES.JPG,4
127,AM01SAS.JPG,3
128,BF12HAS.JPG,5
129,AF05HAS.JPG,6
130,BM02HAS.JPG,5
131,AM25HAS.JPG,7
132,AF08HAS.JPG,7
133,AF34SAS.JPG,2
134,AF32SAS.JPG,2
135,BF14HAS.JPG,6
136,BF18HAS.JPG,5
137,BF23NES.JPG,4
138,AM18NES.JPG,4
139,AM21SAS.JPG,3
140,BM15SAS.JPG,2
141,AM30HAS.JPG,6
142,AF05NES.JPG,4
143,BM18HAS.JPG,7
144,BM32HAS.JPG,7
145,AM27NES.JPG,4
146,AM02SAS.JPG,1
147,BM03NES.JPG,4
148,BM31HAS.JPG,5
149,BM26SAS.JPG,5
150,AM14NES.JPG,4
151,BF21NES.JPG,4
152,AF21NES.JPG,4
153,AM13NES.JPG,4
154,AF30SAS.JPG,1
155,AM32NES.JPG,3
156,BF32NES.JPG,5
157,BF09SAS.JPG,1
158,BF01SAS.JPG,1
159,AF27SAS.JPG,3
160,AM26NES.JPG,4
161,AF29SAS.JPG,1
162,BM18SAS.JPG,1
163,BM16NES.JPG,3
164,BF04NES.JPG,4
165,BM06SAS.JPG,1
166,BF33HAS.JPG,7
167,BM26HAS.JPG,7
168,BF11HAS.JPG,4
169,BM27HAS.JPG,6
170,AM27SAS.JPG,2
171,BF35NES.JPG,5
172,BM12SAS.JPG,1
173,BF32HAS.JPG,7
174,AF23SAS.JPG,2
175,BF33SAS.JPG,1
176,BF05HAS.JPG,6
177,BF25HAS.JPG,7
178,BM09NES.JPG,3
179,AF02SAS.JPG,1
180,AM21NES.JPG,3
181,BM09SAS.JPG,3
182,AF09HAS.JPG,6
183,AM35SAS.JPG,2
184,AM02HAS.JPG,5
185,AF07NES.JPG,4
186,AF35HAS.JPG,7
187,AF11HAS.JPG,6
188,AM13SAS.JPG,2
189,BM10SAS.JPG,1
190,BM22HAS.JPG,6
191,AF35SAS.JPG,1
192,AF13HAS.JPG,7
193,AM33HAS.JPG,5
194,AM26HAS.JPG,7
195,BF13NES.JPG,4
196,BM19HAS.JPG,5
197,AM34SAS.JPG,1
198,AF23NES.JPG,4
199,BM35HAS.JPG,7
200,AM09HAS.JPG,7
201,BM09HAS.JPG,6
202,AF14SAS.JPG,3
203,BM01HAS.JPG,5
204,BF12NES.JPG,4
205,BF14SAS.JPG,1
206,AM24HAS.JPG,7
207,BM04SAS.JPG,2
208,AF18NES.JPG,4
209,AM08SAS.JPG,2
210,BF11NES.JPG,4
211,AF28NES.JPG,4
212,BF02SAS.JPG,1
213,AM14HAS.JPG,6
214,AM31SAS.JPG,2
215,BM25HAS.JPG,6
216,AF08NES.JPG,4
217,BF33NES.JPG,4
218,BF35SAS.JPG,1
219,BF23SAS.JPG,3
220,AF30HAS.JPG,6
221,AM19HAS.JPG,7
222,AF07SAS.JPG,1
223,BM35NES.JPG,4
224,BM32NES.JPG,4
225,AF11NES.JPG,4
226,AM34NES.JPG,4
227,AM26SAS.JPG,5
228,BF13HAS.JPG,6
229,AM27HAS.JPG,5
230,BF34SAS.JPG,2
231,BM01NES.JPG,3
232,AM16SAS.JPG,2
233,AM18SAS.JPG,1
234,AM06NES.JPG,4
235,AF21HAS.JPG,7
236,BM20HAS.JPG,7
237,AF16SAS.JPG,1
238,AM11NES.JPG,4
239,AF16NES.JPG,4
240,AF04HAS.JPG,6
241,AM11SAS.JPG,1
242,BF03NES.JPG,5
243,AM28NES.JPG,3
244,AF33HAS.JPG,7
245,AF28HAS.JPG,6
246,AF04NES.JPG,4
247,BF27NES.JPG,4
248,AM29SAS.JPG,5
249,AF18HAS.JPG,7
250,AF30NES.JPG,4
251,BF28SAS.JPG,2
252,AM04SAS.JPG,1
253,BM34NES.JPG,4
254,BM10HAS.JPG,7
255,BM30NES.JPG,3
256,BM25SAS.JPG,1
257,BF30SAS.JPG,1
258,AM10NES.JPG,4
259,BM30SAS.JPG,3
260,AF21SAS.JPG,2
261,BM33SAS.JPG,3
262,BF34NES.JPG,3
263,AF25HAS.JPG,7
264,BF20SAS.JPG,1
265,BM31NES.JPG,4
266,AF29HAS.JPG,6
267,BF23HAS.JPG,5
268,BF05SAS.JPG,2
269,BM04NES.JPG,4
270,BF02HAS.JPG,7
271,BM30HAS.JPG,5
272,AF33SAS.JPG,2
273,AF06NES.JPG,4
274,BF11SAS.JPG,2
275,BM14SAS.JPG,2
276,AF26NES.JPG,4
277,BF26SAS.JPG,1
278,AM04NES.JPG,4
279,AF20HAS.JPG,6
280,AM06HAS.JPG,7
281,BF34HAS.JPG,6
282,BM02NES.JPG,4
283,AM17SAS.JPG,1
284,BF01NES.JPG,4
285,BM17HAS.JPG,7
286,AM35HAS.JPG,6
287,BF22NES.JPG,4
288,AF25NES.JPG,4
289,BF30HAS.JPG,6
290,BM34SAS.JPG,1
291,BM34HAS.JPG,5
292,AF02HAS.JPG,7
293,BF16NES.JPG,4
294,BM26NES.JPG,4
295,AF34NES.JPG,3
296,BF09NES.JPG,4
297,AF20NES.JPG,3
298,AM20HAS.JPG,7
299,AM17NES.JPG,4
300,AF17SAS.JPG,1
301,AM08HAS.JPG,6
302,AM13HAS.JPG,5
303,BM05SAS.JPG,1
304,BF15HAS.JPG,6
305,AF19SAS.JPG,1
306,AF12SAS.JPG,2
307,AF28SAS.JPG,3
308,AF23HAS.JPG,6
309,BF20NES.JPG,4
310,AM34HAS.JPG,7
311,BF19HAS.JPG,6
312,AM15SAS.JPG,2
313,BF24HAS.JPG,7
314,AM25SAS.JPG,1
315,BF06NES.JPG,4
316,AM35NES.JPG,4
317,BM13NES.JPG,4
318,AF03HAS.JPG,5
319,BM24SAS.JPG,2
320,AF10SAS.JPG,1
321,BF31SAS.JPG,1
322,BF25NES.JPG,4
323,AF27HAS.JPG,6
324,AF16HAS.JPG,5
325,AF17NES.JPG,4
326,BM29SAS.JPG,3
327,BF29SAS.JPG,2
328,BM14HAS.JPG,6
329,BF22SAS.JPG,2
330,BF17HAS.JPG,7
331,AF10HAS.JPG,6
332,AF09SAS.JPG,2
333,BM22NES.JPG,4
334,AF17HAS.JPG,7
335,AF09NES.JPG,4
336,BM06HAS.JPG,7
337,AM29HAS.JPG,5
338,BM14NES.JPG,4
339,AM05NES.JPG,4
340,BF12SAS.JPG,2
341,AF15NES.JPG,3
342,BF25SAS.JPG,1
343,AM05HAS.JPG,7
344,AF32NES.JPG,4
345,AF11SAS.JPG,1
346,BM08NES.JPG,4
347,BF07HAS.JPG,6
348,AF26HAS.JPG,6
349,BF19NES.JPG,4
350,BF04SAS.JPG,2
351,AM07HAS.JPG,7
352,BF10SAS.JPG,1
353,BM12NES.JPG,4
354,BM03SAS.JPG,1
355,BF28HAS.JPG,6
356,BF07NES.JPG,4
357,AM09SAS.JPG,3
358,BM28NES.JPG,4
359,AF20SAS.JPG,2
360,AM08NES.JPG,4
361,BM23HAS.JPG,7
362,AM17HAS.JPG,7
363,AF25SAS.JPG,3
364,BM13SAS.JPG,1
365,BM11NES.JPG,4
366,AF15SAS.JPG,2
367,BF15NES.JPG,4
368,AM11HAS.JPG,6
369,AF13NES.JPG,4
370,AM24SAS.JPG,1
371,AF27NES.JPG,4
372,AF06SAS.JPG,1
373,BF27HAS.JPG,6
374,BM21NES.JPG,4
375,AM32HAS.JPG,7
376,BM01SAS.JPG,1
377,BF07SAS.JPG,1
378,AF31HAS.JPG,7
379,BF15SAS.JPG,1
380,BM07NES.JPG,4
381,BF10HAS.JPG,6
382,AF24NES.JPG,5
383,AM32SAS.JPG,1
384,BF35HAS.JPG,7
385,AM03HAS.JPG,7
386,AM21HAS.JPG,6
387,AF14HAS.JPG,6
388,BM24NES.JPG,4
389,BM10NES.JPG,4
390,AF32HAS.JPG,7
391,AF19HAS.JPG,7
392,AF31NES.JPG,4
393,AF03SAS.JPG,2
394,BF27SAS.JPG,3
395,AM23SAS.JPG,1
