,Image ID,Rating
0,AF15NES.JPG,3
1,BM12SAS.JPG,1
2,BF18SAS.JPG,4
3,BF20HAS.JPG,6
4,BF09SAS.JPG,2
5,AM05SAS.JPG,1
6,AF04SAS.JPG,3
7,BF23HAS.JPG,6
8,BF10HAS.JPG,7
9,AF22NES.JPG,4
10,BF32NES.JPG,5
11,BF34NES.JPG,5
12,BM13NES.JPG,4
13,AF08SAS.JPG,2
14,AF27NES.JPG,4
15,BM20NES.JPG,4
16,BM14SAS.JPG,2
17,AF24SAS.JPG,3
18,BM30HAS.JPG,7
19,BM19NES.JPG,4
20,AM30NES.JPG,4
21,AM15SAS.JPG,3
22,BM22NES.JPG,4
23,AF30SAS.JPG,1
24,AM28HAS.JPG,6
25,AF05NES.JPG,5
26,AF05SAS.JPG,2
27,BF04NES.JPG,4
28,AM23HAS.JPG,7
29,BM08SAS.JPG,2
30,AF16NES.JPG,5
31,AM08SAS.JPG,1
32,AM17SAS.JPG,1
33,BM32HAS.JPG,7
34,AM13HAS.JPG,6
35,BM29HAS.JPG,6
36,BM12NES.JPG,3
37,BM35HAS.JPG,7
38,AM25HAS.JPG,6
39,AM12NES.JPG,4
40,BF21NES.JPG,3
41,BM21SAS.JPG,2
42,BM09SAS.JPG,3
43,BM18SAS.JPG,1
44,BM19HAS.JPG,6
45,AF21HAS.JPG,7
46,BF13HAS.JPG,6
47,AF18HAS.JPG,7
48,BM16HAS.JPG,7
49,AF14HAS.JPG,7
50,AM30SAS.JPG,3
51,BF14SAS.JPG,2
52,AM35SAS.JPG,1
53,AM06NES.JPG,4
54,BF22HAS.JPG,7
55,BF18HAS.JPG,5
56,AM11HAS.JPG,6
57,BM15HAS.JPG,7
58,BM20SAS.JPG,1
59,BM12HAS.JPG,7
60,BF31NES.JPG,2
61,AF08HAS.JPG,7
62,AF30NES.JPG,4
63,AF13HAS.JPG,7
64,BF18NES.JPG,4
65,BM18NES.JPG,4
66,AM17HAS.JPG,6
67,AM12SAS.JPG,2
68,AM13NES.JPG,4
69,BF06NES.JPG,4
70,AM03HAS.JPG,6
71,BF22SAS.JPG,2
72,BM35SAS.JPG,3
73,BM25SAS.JPG,1
74,AF33NES.JPG,3
75,AM04NES.JPG,4
76,AF34NES.JPG,5
77,BF12NES.JPG,4
78,AF26SAS.JPG,1
79,BF16SAS.JPG,2
80,AF17NES.JPG,4
81,BF12HAS.JPG,6
82,BM06NES.JPG,4
83,BM24HAS.JPG,7
84,BM33NES.JPG,4
85,AM14NES.JPG,4
86,BM21NES.JPG,4
87,BF17NES.JPG,4
88,AF21SAS.JPG,2
89,AF01SAS.JPG,1
90,AF32SAS.JPG,2
91,AF22SAS.JPG,2
92,AF35NES.JPG,4
93,BM06HAS.JPG,7
94,AF34SAS.JPG,3
95,AF24NES.JPG,4
96,BF25SAS.JPG,1
97,BM18HAS.JPG,7
98,BM32NES.JPG,4
99,AM02SAS.JPG,2
100,BM22HAS.JPG,7
101,AM09SAS.JPG,2
102,AM15NES.JPG,4
103,BM07HAS.JPG,7
104,AF09HAS.JPG,6
105,AF15HAS.JPG,7
106,BM17HAS.JPG,6
107,AF04NES.JPG,4
108,BM31HAS.JPG,6
109,BF08HAS.JPG,7
110,BF25NES.JPG,4
111,AF34HAS.JPG,7
112,BM21HAS.JPG,6
113,AM29HAS.JPG,6
114,AM24NES.JPG,4
115,BM27HAS.JPG,5
116,BF21HAS.JPG,7
117,AM01SAS.JPG,2
118,AF25SAS.JPG,1
119,AM26SAS.JPG,2
120,AF32HAS.JPG,6
121,BF34HAS.JPG,6
122,BM14NES.JPG,3
123,AM29SAS.JPG,3
124,AF27HAS.JPG,6
125,AF12SAS.JPG,1
126,BF24SAS.JPG,2
127,AM32NES.JPG,2
128,AF28NES.JPG,4
129,AF09NES.JPG,4
130,BM14HAS.JPG,6
131,BF35HAS.JPG,7
132,AM19SAS.JPG,1
133,BF11NES.JPG,4
134,AM04SAS.JPG,1
135,BM24SAS.JPG,2
136,BF09HAS.JPG,7
137,AM06SAS.JPG,2
138,BM02NES.JPG,4
139,AM06HAS.JPG,7
140,BM15SAS.JPG,1
141,AM08HAS.JPG,6
142,BM07SAS.JPG,5
143,BF07SAS.JPG,2
144,AF28SAS.JPG,3
145,AF02HAS.JPG,7
146,BF25HAS.JPG,7
147,AM19NES.JPG,4
148,BF15HAS.JPG,7
149,BM23SAS.JPG,1
150,BF27SAS.JPG,3
151,BM06SAS.JPG,2
152,AF26NES.JPG,4
153,BM17NES.JPG,4
154,BM26SAS.JPG,3
155,BF33SAS.JPG,1
156,AF16HAS.JPG,7
157,AF18SAS.JPG,4
158,AF17SAS.JPG,1
159,AM25NES.JPG,4
160,BM27NES.JPG,3
161,BM10HAS.JPG,7
162,BF01HAS.JPG,7
163,AF04HAS.JPG,6
164,AM03SAS.JPG,1
165,AM10SAS.JPG,2
166,AM07NES.JPG,3
167,AM07SAS.JPG,2
168,AF06NES.JPG,5
169,AM05NES.JPG,4
170,AM35HAS.JPG,7
171,AF06HAS.JPG,4
172,AM23SAS.JPG,1
173,AF09SAS.JPG,2
174,AM04HAS.JPG,7
175,AF29HAS.JPG,6
176,BF07NES.JPG,3
177,BM16SAS.JPG,3
178,AM09HAS.JPG,6
179,AM32SAS.JPG,2
180,BF27HAS.JPG,6
181,BF26NES.JPG,4
182,AM15HAS.JPG,7
183,AF31HAS.JPG,7
184,BM04SAS.JPG,1
185,BM23NES.JPG,4
186,BM28NES.JPG,3
187,AM33NES.JPG,4
188,BM15NES.JPG,4
189,BM11NES.JPG,4
190,AF31SAS.JPG,2
191,BF15SAS.JPG,1
192,BF03HAS.JPG,6
193,BM09NES.JPG,4
194,AF31NES.JPG,5
195,AM16SAS.JPG,3
196,BM34NES.JPG,4
197,BF32SAS.JPG,2
198,BM05SAS.JPG,1
199,BM25NES.JPG,4
200,BF05HAS.JPG,7
201,BM30NES.JPG,4
202,AM34NES.JPG,4
203,AM31SAS.JPG,2
204,AF24HAS.JPG,7
205,AM24HAS.JPG,6
206,BM33SAS.JPG,2
207,BM17SAS.JPG,1
208,BM28HAS.JPG,6
209,BF06SAS.JPG,1
210,AF28HAS.JPG,6
211,BF32HAS.JPG,7
212,AF23SAS.JPG,3
213,BM03SAS.JPG,1
214,AF23HAS.JPG,6
215,BF28SAS.JPG,2
216,BF03NES.JPG,4
217,AM08NES.JPG,4
218,AM18HAS.JPG,6
219,BM10SAS.JPG,2
220,BM04HAS.JPG,6
221,BF30NES.JPG,5
222,AM14SAS.JPG,2
223,BF34SAS.JPG,3
224,BF04SAS.JPG,3
225,AM20HAS.JPG,7
226,AM16HAS.JPG,7
227,AF07SAS.JPG,2
228,AM34SAS.JPG,3
229,AM32HAS.JPG,6
230,BM01HAS.JPG,6
231,AM24SAS.JPG,2
232,BM09HAS.JPG,6
233,BF08NES.JPG,4
234,AM11NES.JPG,4
235,BF23NES.JPG,5
236,BF14NES.JPG,4
237,BF31HAS.JPG,7
238,BM05HAS.JPG,7
239,AF10NES.JPG,4
240,BF26SAS.JPG,2
241,AF25HAS.JPG,7
242,AF12NES.JPG,5
243,BF21SAS.JPG,2
244,BM34SAS.JPG,1
245,BM08NES.JPG,5
246,AF07NES.JPG,4
247,BF28HAS.JPG,6
248,AF03HAS.JPG,7
249,BM29SAS.JPG,2
250,BM30SAS.JPG,1
251,AM21HAS.JPG,7
252,AF30HAS.JPG,7
253,BM31NES.JPG,4
254,AM21NES.JPG,4
255,AF18NES.JPG,5
256,BM11SAS.JPG,2
257,AF14SAS.JPG,4
258,AM14HAS.JPG,6
259,AF11SAS.JPG,1
260,AF33HAS.JPG,7
261,BF33NES.JPG,4
262,BM02HAS.JPG,6
263,BM02SAS.JPG,2
264,AM22SAS.JPG,2
265,AF08NES.JPG,4
266,BF13SAS.JPG,2
267,AF22HAS.JPG,7
268,BF33HAS.JPG,7
269,BM13SAS.JPG,3
270,AM19HAS.JPG,7
271,BF09NES.JPG,5
272,AF05HAS.JPG,6
273,AM22NES.JPG,2
274,BF15NES.JPG,3
275,AM30HAS.JPG,7
276,AF32NES.JPG,5
277,AF20HAS.JPG,7
278,BF20SAS.JPG,1
279,AF21NES.JPG,4
280,BF22NES.JPG,4
281,BM01NES.JPG,3
282,AM07HAS.JPG,7
283,AF29NES.JPG,4
284,AF33SAS.JPG,2
285,AM20SAS.JPG,1
286,BF07HAS.JPG,7
287,AM28NES.JPG,4
288,AM13SAS.JPG,3
289,AM10NES.JPG,4
290,AF15SAS.JPG,1
291,BM28SAS.JPG,1
292,BF29NES.JPG,4
293,AF35HAS.JPG,7
294,BM34HAS.JPG,7
295,BF12SAS.JPG,2
296,AF25NES.JPG,4
297,BF14HAS.JPG,6
298,AM27NES.JPG,3
299,AM02NES.JPG,4
300,BF02SAS.JPG,2
301,AM10HAS.JPG,7
302,BF35SAS.JPG,1
303,BM20HAS.JPG,7
304,AF10SAS.JPG,1
305,AM20NES.JPG,3
306,BF13NES.JPG,5
307,AF03SAS.JPG,2
308,AM17NES.JPG,3
309,BF11SAS.JPG,2
310,AF02NES.JPG,4
311,BF19HAS.JPG,6
312,AM09NES.JPG,5
313,AF23NES.JPG,4
314,BM03NES.JPG,4
315,BM27SAS.JPG,2
316,BF01SAS.JPG,1
317,AM23NES.JPG,3
318,BF19SAS.JPG,2
319,AF11NES.JPG,4
320,AM33SAS.JPG,3
321,AF07HAS.JPG,7
322,BM16NES.JPG,4
323,BM33HAS.JPG,7
324,AF10HAS.JPG,6
325,BM23HAS.JPG,7
326,AF29SAS.JPG,2
327,BF31SAS.JPG,2
328,BM32SAS.JPG,1
329,AF11HAS.JPG,7
330,BF23SAS.JPG,3
331,BF02HAS.JPG,7
332,AM27SAS.JPG,1
333,BM22SAS.JPG,2
334,BF05SAS.JPG,2
335,AM28SAS.JPG,1
336,AM01HAS.JPG,7
337,BF10SAS.JPG,2
338,AM18SAS.JPG,1
339,BM07NES.JPG,4
340,BM35NES.JPG,4
341,BF16NES.JPG,4
342,BM31SAS.JPG,2
343,AM03NES.JPG,4
344,BM25HAS.JPG,7
345,AM25SAS.JPG,2
346,AM26NES.JPG,4
347,AF27SAS.JPG,3
348,BF19NES.JPG,4
349,AM26HAS.JPG,7
350,AF01HAS.JPG,7
351,AF13SAS.JPG,2
352,AM34HAS.JPG,7
353,BF05NES.JPG,5
354,AF01NES.JPG,4
355,AM18NES.JPG,4
356,AM22HAS.JPG,7
357,AF03NES.JPG,4
358,AF17HAS.JPG,7
359,AM05HAS.JPG,7
360,AF13NES.JPG,4
361,AF02SAS.JPG,2
362,BF02NES.JPG,4
363,AF19SAS.JPG,1
364,BF17HAS.JPG,7
365,AM29NES.JPG,4
366,BM03HAS.JPG,7
367,AM12HAS.JPG,7
368,BF04HAS.JPG,7
369,BF17SAS.JPG,1
370,BM11HAS.JPG,6
371,AM33HAS.JPG,5
372,BF30SAS.JPG,1
373,BF03SAS.JPG,1
374,BF06HAS.JPG,7
375,BF27NES.JPG,4
376,BF24NES.JPG,4
377,AM21SAS.JPG,4
378,BM10NES.JPG,4
379,AF06SAS.JPG,2
380,AF16SAS.JPG,1
381,BF29HAS.JPG,7
382,BM13HAS.JPG,7
383,AM16NES.JPG,4
384,BM19SAS.JPG,2
385,BM26NES.JPG,4
386,AM31HAS.JPG,6
387,AM02HAS.JPG,6
388,BF11HAS.JPG,7
389,BF08SAS.JPG,2
390,AF19HAS.JPG,7
391,BF24HAS.JPG,7
392,BF30HAS.JPG,7
393,AF19NES.JPG,4
394,BF10NES.JPG,3
395,BF26HAS.JPG,6
396,AM31NES.JPG,4
397,BF29SAS.JPG,2
398,AM27HAS.JPG,6
399,BM24NES.JPG,4
400,BM04NES.JPG,3
401,BF28NES.JPG,4
402,AF12HAS.JPG,5
403,BF35NES.JPG,4
404,AM35NES.JPG,4
405,BM08HAS.JPG,7
406,AF20SAS.JPG,1
407,AF26HAS.JPG,7
408,AF14NES.JPG,4
409,AM01NES.JPG,3
410,BF01NES.JPG,5
411,BF20NES.JPG,4
412,AF35SAS.JPG,1
413,AF20NES.JPG,4
414,AM11SAS.JPG,2
415,BF16HAS.JPG,6
416,BM01SAS.JPG,1
417,BM26HAS.JPG,6
418,BM05NES.JPG,4
419,BM29NES.JPG,4
